{
    "uvs": [],
    "normals": [0.577349,-0.577319,-0.577349,0.577349,-0.577349,0.577319,-0.577349,-0.577349,0.577349,-0.577349,-0.577349,-0.577349,0.577349,0.577349,-0.577319,-0.577349,0.577349,-0.577349,-0.577349,0.577349,0.577349,0.577319,0.577349,0.577349],
    "metadata": {
        "type": "Geometry",
        "uvs": 0,
        "normals": 8,
        "generator": "io_three",
        "faces": 6,
        "vertices": 8,
        "version": 3
    },
    "faces": [33,0,1,2,3,0,1,2,3,33,4,7,6,5,4,5,6,7,33,0,4,5,1,0,4,7,1,33,1,5,6,2,1,7,6,2,33,2,6,7,3,2,6,5,3,33,4,0,3,7,4,0,3,5],
    "vertices": [2.67596,-0.156057,-1.49286,2.67596,-0.156057,1.49286,-2.67596,-0.156057,1.49286,-2.67596,-0.156057,-1.49286,2.67596,0.156057,-1.49286,2.67596,0.156057,1.49286,-2.67596,0.156057,1.49286,-2.67596,0.156057,-1.49286],
    "name": "CubeGeometry"
}