{
    "faces": [35,0,2,3,1,0,0,1,2,3,35,5,6,7,4,0,4,5,6,7,35,1,3,7,6,0,3,2,6,5,35,2,0,5,4,0,1,0,4,7,35,3,2,4,7,0,2,1,7,6,35,0,1,6,5,0,0,3,5,4],
    "uvs": [],
    "materials": [{
        "transparent": false,
        "colorSpecular": [0.5,0.5,0.5],
        "shading": "phong",
        "colorAmbient": [0.64,0.64,0.64],
        "opacity": 1,
        "depthTest": true,
        "vertexColors": false,
        "DbgName": "Material.001",
        "DbgColor": 15658734,
        "depthWrite": true,
        "visible": true,
        "specularCoef": 50,
        "DbgIndex": 0,
        "colorEmissive": [0,0,0],
        "blending": "NormalBlending",
        "wireframe": false
    }],
    "metadata": {
        "generator": "io_three",
        "faces": 6,
        "uvs": 0,
        "version": 3,
        "colors": 0,
        "type": "Geometry",
        "vertices": 8,
        "normals": 8,
        "materials": 1
    },
    "vertices": [4.25597,-4.90517,33.0384,45.6968,-4.90517,-0.654039,-20.0429,-4.90517,3.15144,21.3979,-4.90517,-30.541,-20.0429,-4.69576,3.15144,4.25597,-4.69575,33.0384,45.6968,-4.69576,-0.654039,21.3979,-4.69576,-30.541],
    "name": "Plane.001Geometry.8",
    "normals": [-0.083743,-0.577349,0.812189,-0.812159,-0.577349,-0.083743,0.083743,-0.577349,-0.812159,0.812159,-0.577349,0.083743,-0.083743,0.577349,0.812189,0.812159,0.577349,0.083743,0.083743,0.577349,-0.812159,-0.812159,0.577349,-0.083743],
    "colors": []
}