{
    "faces": [43,0,1,3,2,0,0,1,2,3,0,0,1,1,43,2,3,5,4,0,3,2,4,5,1,1,2,2,43,4,5,7,6,0,5,4,6,7,2,2,3,3,43,6,7,9,8,0,7,6,8,9,3,3,4,4,43,8,9,11,10,0,9,8,10,11,4,4,5,5,43,10,11,13,12,0,11,10,12,13,5,5,6,6,43,14,15,17,16,0,14,15,16,17,7,7,8,8,43,16,17,19,18,0,17,16,18,19,8,8,9,9,43,18,19,21,20,0,19,18,20,21,9,9,10,10,43,20,21,23,22,0,21,20,22,23,10,10,11,11,43,22,23,25,24,0,23,22,24,25,11,11,12,12,43,24,25,27,26,0,25,24,26,27,12,12,13,13,43,26,27,29,28,0,27,26,28,29,13,13,14,14,43,28,29,31,30,0,29,28,30,31,14,14,15,15,43,30,31,33,32,0,31,30,32,33,15,15,16,16,43,32,33,35,34,0,33,32,34,35,16,16,17,17,43,1,0,36,37,0,1,0,36,37,0,0,18,18,43,34,35,37,36,0,35,34,37,36,17,17,18,18],
    "uvs": [[0.333359,7.7e-05,0.333361,0.566784,0.277814,0.566784,0.277812,7.7e-05,0.222267,0.566784,0.222264,7.7e-05,0.16672,0.566785,0.166717,7.7e-05,0.111173,0.566785,0.11117,7.8e-05,0.055626,0.566785,0.055623,7.8e-05,7.9e-05,0.566786,7.5e-05,7.8e-05,0.999925,7.5e-05,0.999925,0.566782,0.944378,0.566782,0.944378,7.5e-05,0.888831,0.566782,0.88883,7.5e-05,0.833284,0.566782,0.833283,7.5e-05,0.777737,0.566782,0.777736,7.5e-05,0.72219,0.566782,0.722189,7.5e-05,0.666643,0.566782,0.666642,7.6e-05,0.611096,0.566782,0.611094,7.6e-05,0.555549,0.566783,0.555547,7.6e-05,0.500002,0.566783,0.5,7.6e-05,0.444455,0.566783,0.444453,7.6e-05,0.388905,7.6e-05,0.388908,0.566783]],
    "materials": [{
        "transparent": false,
        "colorDiffuse": [0.64,0.64,0.64],
        "mapDiffuseWrap": ["RepeatWrapping","RepeatWrapping"],
        "shading": "phong",
        "colorAmbient": [0.64,0.64,0.64],
        "opacity": 1,
        "doubleSided": true,
        "DbgName": "Material",
        "depthWrite": true,
        "mapDiffuseAnisotropy": 1,
        "specularCoef": 50,
        "DbgColor": 15658734,
        "DbgIndex": 0,
        "colorEmissive": [0,0,0],
        "mapDiffuseRepeat": [1,1],
        "depthTest": true,
        "vertexColors": false,
        "visible": true,
        "colorSpecular": [0.5,0.5,0.5],
        "mapDiffuse": "Screenshot from 2015-10-14 22:41:45.png",
        "blending": "NormalBlending",
        "wireframe": false
    }],
    "metadata": {
        "generator": "io_three",
        "faces": 18,
        "uvs": 1,
        "version": 3,
        "colors": 0,
        "type": "Geometry",
        "vertices": 38,
        "normals": 19,
        "materials": 1
    },
    "vertices": [-1.3697,-126.653,-128.049,-1.3697,121.504,-128.049,22.8369,-126.653,-125.664,22.8369,121.504,-125.664,46.1132,-126.653,-118.604,46.1132,121.504,-118.604,67.5647,-126.653,-107.137,67.5647,121.504,-107.137,86.3672,-126.653,-91.7067,86.3672,121.504,-91.7067,101.798,-126.653,-72.9042,101.798,121.504,-72.9042,113.264,-126.653,-51.4527,113.264,121.504,-51.4527,-89.1066,-126.653,83.767,-89.1066,121.504,83.767,-104.537,-126.653,64.9645,-104.537,121.504,64.9645,-116.004,-126.653,43.513,-116.004,121.504,43.5129,-123.064,-126.653,20.2366,-123.064,121.504,20.2366,-125.448,-126.653,-3.96993,-125.448,121.504,-3.96994,-123.064,-126.653,-28.1765,-123.064,121.504,-28.1765,-116.003,-126.653,-51.4528,-116.003,121.504,-51.4528,-104.537,-126.653,-72.9044,-104.537,121.504,-72.9044,-89.1065,-126.653,-91.7068,-89.1065,121.504,-91.7068,-70.304,-126.653,-107.138,-70.304,121.504,-107.138,-48.8524,-126.653,-118.604,-48.8524,121.504,-118.604,-25.5761,-126.653,-125.664,-25.5761,121.504,-125.664],
    "name": "CylinderGeometry.7",
    "normals": [0,0,-0.999969,0.195074,0,-0.980773,0.382672,0,-0.923856,0.555559,0,-0.831446,0.707083,0,-0.707083,0.831446,0,-0.555559,0.881893,0,-0.471389,-0.773003,0,0.634388,-0.831446,0,0.555559,-0.923856,0,0.382672,-0.980773,0,0.195074,-0.999969,0,0,-0.980773,0,-0.195074,-0.923856,0,-0.382672,-0.831446,0,-0.555559,-0.707083,0,-0.707083,-0.555559,0,-0.831446,-0.382672,0,-0.923856,-0.195074,0,-0.980773],
    "colors": []
}