{
    "faces": [35,2,0,1,3,0,0,1,2,3,35,3,7,6,2,0,3,4,5,0,35,7,5,4,6,0,4,6,7,5,35,0,4,5,1,0,1,7,6,2,35,0,2,6,4,0,1,0,5,7,35,5,7,3,1,0,6,4,3,2],
    "uvs": [],
    "materials": [{
        "transparent": false,
        "colorSpecular": [0.5,0.5,0.5],
        "shading": "phong",
        "colorAmbient": [0.64,0.64,0.64],
        "opacity": 1,
        "depthTest": true,
        "vertexColors": false,
        "DbgName": "Material.002",
        "DbgColor": 15658734,
        "depthWrite": true,
        "visible": true,
        "specularCoef": 50,
        "DbgIndex": 0,
        "colorEmissive": [0,0,0],
        "blending": "NormalBlending",
        "wireframe": false
    }],
    "metadata": {
        "generator": "io_three",
        "faces": 6,
        "uvs": 0,
        "version": 3,
        "colors": 0,
        "type": "Geometry",
        "vertices": 8,
        "normals": 8,
        "materials": 1
    },
    "vertices": [-6.75236,-4.5989,5.58184,-6.75236,-2.5989,5.58184,-12.0322,-4.5989,-2.53571,-12.0322,-2.5989,-2.53571,-1.00888,-4.5989,1.84617,-1.00888,-2.5989,1.84617,-6.28871,-4.5989,-6.27139,-6.28871,-2.5989,-6.27139],
    "name": "Cube.002Geometry.1",
    "normals": [-0.798761,-0.577349,-0.169164,-0.169164,-0.577349,0.798761,-0.169164,0.577349,0.798761,-0.798761,0.577349,-0.169164,0.169164,0.577349,-0.798761,0.169164,-0.577349,-0.798761,0.798761,0.577349,0.169164,0.798761,-0.577349,0.169164],
    "colors": []
}