{
    "faces": [41,0,1,3,2,0,1,2,3,0,0,1,1,41,2,3,5,4,3,2,4,5,1,1,2,2,41,4,5,7,6,5,4,6,7,2,2,3,3,41,6,7,9,8,7,6,8,9,3,3,4,4,41,8,9,11,10,9,8,10,11,4,4,5,5,41,10,11,13,12,11,10,12,13,5,5,6,6,41,12,13,15,14,13,12,14,15,6,6,7,7,41,14,15,17,16,15,14,16,17,7,7,8,8,41,16,17,19,18,17,16,18,19,8,8,9,9,41,20,21,23,22,20,21,22,23,10,10,11,11,41,22,23,25,24,23,22,24,25,11,11,12,12,41,24,25,27,26,25,24,26,27,12,12,13,13,41,26,27,29,28,27,26,28,29,13,13,14,14,41,28,29,31,30,29,28,30,31,14,14,15,15,41,30,31,33,32,31,30,32,33,15,15,16,16,41,32,33,35,34,33,32,34,35,16,16,17,17,41,34,35,37,36,35,34,36,37,17,17,18,18,41,36,37,39,38,37,36,38,39,18,18,19,19,41,38,39,41,40,39,38,40,41,19,19,20,20,41,1,0,42,43,1,0,42,43,0,0,21,21,41,40,41,43,42,41,40,43,42,20,20,21,21],
    "metadata": {
        "faces": 21,
        "normals": 22,
        "type": "Geometry",
        "version": 3,
        "generator": "io_three",
        "uvs": 1,
        "vertices": 44
    },
    "normals": [0,0,-1,0.195074,0,-0.980773,0.382672,0,-0.923856,0.555559,0,-0.831446,0.707083,0,-0.707083,0.831446,0,-0.555559,0.923856,0,-0.382672,0.980773,0,-0.195074,0.999969,0,0,0.995178,0,0.097995,-0.773003,0,0.634388,-0.831446,0,0.555559,-0.923856,0,0.382672,-0.980773,0,0.195074,-0.999969,0,0,-0.980773,0,-0.195074,-0.923856,0,-0.382672,-0.831446,0,-0.555559,-0.707083,0,-0.707083,-0.555559,0,-0.831446,-0.382672,0,-0.923856,-0.195074,0,-0.980773],
    "vertices": [-4.0898,-616.752,-248.188,-4.0898,358.736,-248.188,44.0094,-616.752,-243.45,44.0094,358.736,-243.45,90.2602,-616.752,-229.42,90.2602,358.736,-229.42,132.885,-616.752,-206.637,132.885,358.736,-206.637,170.246,-616.752,-175.975,170.246,358.736,-175.975,200.908,-616.752,-138.614,200.908,358.736,-138.614,223.691,-616.752,-95.9892,223.691,358.736,-95.9892,237.721,-616.752,-49.7384,237.721,358.736,-49.7385,242.459,-616.752,-1.63924,242.459,358.736,-1.63928,237.721,-616.752,46.46,237.721,358.736,46.4599,-178.426,-616.752,172.697,-178.426,358.736,172.697,-209.087,-616.752,135.336,-209.087,358.736,135.336,-231.871,-616.752,92.7106,-231.871,358.736,92.7105,-245.901,-616.752,46.4598,-245.901,358.736,46.4597,-250.638,-616.752,-1.63946,-250.638,358.736,-1.6395,-245.901,-616.752,-49.7387,-245.901,358.736,-49.7387,-231.871,-616.752,-95.9895,-231.871,358.736,-95.9895,-209.087,-616.752,-138.614,-209.087,358.736,-138.614,-178.426,-616.752,-175.975,-178.426,358.736,-175.976,-141.064,-616.752,-206.637,-141.064,358.736,-206.637,-98.4394,-616.752,-229.42,-98.4394,358.736,-229.42,-52.1886,-616.752,-243.45,-52.1886,358.736,-243.45],
    "name": "Cylinder.001Geometry",
    "uvs": [[0.428599,0.000106,0.428585,0.961016,0.380975,0.961015,0.38099,0.000106,0.333366,0.961014,0.333382,0.000105,0.285756,0.961014,0.285773,0.000104,0.238146,0.961013,0.238165,0.000103,0.190536,0.961012,0.190556,0.000102,0.142927,0.961011,0.142948,0.000101,0.095317,0.96101,0.095339,0.0001,0.047708,0.961008,0.047731,9.9e-05,9.8e-05,0.961007,0.000122,9.8e-05,0.999902,0.00011,0.999902,0.961021,0.952292,0.961021,0.952293,0.00011,0.904682,0.961021,0.904685,0.00011,0.857073,0.96102,0.857076,0.00011,0.809463,0.96102,0.809468,0.00011,0.761853,0.96102,0.761859,0.00011,0.714243,0.961019,0.71425,0.000109,0.666633,0.961019,0.666642,0.000109,0.619024,0.961019,0.619033,0.000109,0.571414,0.961018,0.571425,0.000108,0.523804,0.961017,0.523816,0.000108,0.476208,0.000107,0.476194,0.961017]]
}