{
    "faces": [43,0,1,3,2,0,0,1,2,3,0,0,1,1,43,2,3,5,4,0,3,2,4,5,1,1,2,2,43,4,5,7,6,0,5,4,6,7,2,2,3,3,43,6,7,9,8,0,7,6,8,9,3,3,4,4,43,8,9,11,10,0,9,8,10,11,4,4,5,5,43,10,11,13,12,0,11,10,12,13,5,5,6,6,43,12,13,15,14,0,13,12,14,15,6,6,7,7,43,14,15,17,16,0,15,14,16,17,7,7,8,8,43,16,17,19,18,0,17,16,18,19,8,8,9,9,43,20,21,23,22,0,20,21,22,23,10,10,11,11,43,22,23,25,24,0,23,22,24,25,11,11,12,12,43,24,25,27,26,0,25,24,26,27,12,12,13,13,43,26,27,29,28,0,27,26,28,29,13,13,14,14,43,28,29,31,30,0,29,28,30,31,14,14,15,15,43,30,31,33,32,0,31,30,32,33,15,15,16,16,43,32,33,35,34,0,33,32,34,35,16,16,17,17,43,34,35,37,36,0,35,34,36,37,17,17,18,18,43,36,37,39,38,0,37,36,38,39,18,18,19,19,43,38,39,41,40,0,39,38,40,41,19,19,20,20,43,1,0,42,43,0,1,0,42,43,0,0,21,21,43,40,41,43,42,0,41,40,43,42,20,20,21,21],
    "colors": [],
    "metadata": {
        "colors": 0,
        "faces": 21,
        "normals": 22,
        "type": "Geometry",
        "version": 3,
        "generator": "io_three",
        "vertices": 44,
        "uvs": 1,
        "materials": 1
    },
    "normals": [0,0,-1,0.195074,0,-0.980773,0.382672,0,-0.923856,0.555559,0,-0.831446,0.707083,0,-0.707083,0.831446,0,-0.555559,0.923856,0,-0.382672,0.980773,0,-0.195074,0.999969,0,0,0.995178,0,0.097995,-0.773003,0,0.634388,-0.831446,0,0.555559,-0.923856,0,0.382672,-0.980773,0,0.195074,-0.999969,0,0,-0.980773,0,-0.195074,-0.923856,0,-0.382672,-0.831446,0,-0.555559,-0.707083,0,-0.707083,-0.555559,0,-0.831446,-0.382672,0,-0.923856,-0.195074,0,-0.980773],
    "vertices": [18.1696,-227.507,-142.268,18.1696,328.901,-142.268,45.605,-227.507,-139.566,45.605,328.901,-139.566,71.986,-227.507,-131.563,71.986,328.901,-131.563,96.2988,-227.507,-118.568,96.2988,328.901,-118.568,117.609,-227.507,-101.079,117.609,328.901,-101.079,135.098,-227.507,-79.7684,135.098,328.901,-79.7684,148.094,-227.507,-55.4556,148.094,328.901,-55.4556,156.096,-227.507,-29.0746,156.096,328.901,-29.0746,158.798,-227.507,-1.63925,158.798,328.901,-1.63927,156.096,-227.507,25.7961,156.096,328.901,25.796,-81.27,-227.507,97.8003,-81.27,328.901,97.8003,-98.759,-227.507,76.4899,-98.759,328.901,76.4898,-111.754,-227.507,52.177,-111.754,328.901,52.1769,-119.757,-227.507,25.796,-119.757,328.901,25.7959,-122.459,-227.507,-1.63937,-122.459,328.901,-1.6394,-119.757,-227.507,-29.0747,-119.757,328.901,-29.0747,-111.754,-227.507,-55.4557,-111.754,328.901,-55.4557,-98.7588,-227.507,-79.7686,-98.7588,328.901,-79.7686,-81.2698,-227.507,-101.079,-81.2698,328.901,-101.079,-59.9594,-227.507,-118.568,-59.9594,328.901,-118.568,-35.6465,-227.507,-131.563,-35.6465,328.901,-131.563,-9.26547,-227.507,-139.566,-9.26547,328.901,-139.566],
    "materials": [{
        "mapDiffuseAnisotropy": 1,
        "mapDiffuseRepeat": [1,1],
        "depthWrite": true,
        "opacity": 1,
        "colorAmbient": [0.64,0.64,0.64],
        "transparent": false,
        "DbgIndex": 0,
        "mapDiffuse": "woods.png",
        "colorDiffuse": [0.64,0.64,0.64],
        "blending": "NormalBlending",
        "shading": "lambert",
        "vertexColors": false,
        "colorEmissive": [0,0,0],
        "depthTest": true,
        "wireframe": false,
        "DbgColor": 15658734,
        "DbgName": "Background",
        "visible": true,
        "doubleSided": true,
        "mapDiffuseWrap": ["RepeatWrapping","RepeatWrapping"]
    }],
    "name": "Cylinder.001Geometry.3",
    "uvs": [[0.428599,0.000106,0.428585,0.961016,0.380975,0.961015,0.38099,0.000106,0.333366,0.961014,0.333382,0.000105,0.285756,0.961014,0.285773,0.000104,0.238146,0.961013,0.238165,0.000103,0.190536,0.961012,0.190556,0.000102,0.142927,0.961011,0.142948,0.000101,0.095317,0.96101,0.095339,0.0001,0.047708,0.961008,0.047731,9.9e-05,9.8e-05,0.961007,0.000122,9.8e-05,0.999902,0.00011,0.999902,0.961021,0.952292,0.961021,0.952293,0.00011,0.904682,0.961021,0.904685,0.00011,0.857073,0.96102,0.857076,0.00011,0.809463,0.96102,0.809468,0.00011,0.761853,0.96102,0.761859,0.00011,0.714243,0.961019,0.71425,0.000109,0.666633,0.961019,0.666642,0.000109,0.619024,0.961019,0.619033,0.000109,0.571414,0.961018,0.571425,0.000108,0.523804,0.961017,0.523816,0.000108,0.476208,0.000107,0.476194,0.961017]]
}