{
    "faces": [35,0,2,3,1,0,0,1,2,3,35,5,6,7,4,0,4,5,6,7,35,1,3,7,6,0,3,2,6,5,35,2,0,5,4,0,1,0,4,7,35,3,2,4,7,0,2,1,7,6,35,0,1,6,5,0,0,3,5,4],
    "uvs": [],
    "materials": [{
        "transparent": false,
        "colorSpecular": [0.5,0.5,0.5],
        "shading": "phong",
        "colorAmbient": [0.64,0.64,0.64],
        "opacity": 1,
        "colorDiffuse": [0.64,0.64,0.64],
        "depthTest": true,
        "vertexColors": false,
        "DbgName": "Material.001",
        "DbgColor": 15658734,
        "depthWrite": true,
        "visible": true,
        "specularCoef": 50,
        "DbgIndex": 0,
        "colorEmissive": [0,0,0],
        "blending": "NormalBlending",
        "wireframe": false
    }],
    "metadata": {
        "generator": "io_three",
        "faces": 6,
        "uvs": 0,
        "version": 3,
        "colors": 0,
        "type": "Geometry",
        "vertices": 8,
        "normals": 8,
        "materials": 1
    },
    "vertices": [-14.7281,-4.90517,28.1291,38.5939,-4.90517,31.1767,-12.5302,-4.90517,-10.3265,40.7918,-4.90517,-7.279,-12.5302,-4.69576,-10.3265,-14.7281,-4.69575,28.1291,38.5939,-4.69575,31.1767,40.7918,-4.69576,-7.279],
    "name": "Plane.001Geometry.3",
    "normals": [-0.609333,-0.577349,0.543443,-0.543443,-0.577349,-0.609333,0.609333,-0.577349,-0.543443,0.543443,-0.577349,0.609333,-0.609333,0.577349,0.543443,0.543443,0.577349,0.609333,0.609333,0.577349,-0.543443,-0.543443,0.577349,-0.609333],
    "colors": []
}