{
    "faces": [42,0,1,2,0,31,0,1,0,0,1,42,2,3,4,0,1,2,3,1,1,1,42,4,5,6,0,3,4,5,1,1,1,42,6,7,8,0,5,6,7,1,0,1,42,8,9,10,0,7,8,9,1,0,0,42,10,11,12,0,9,10,11,0,0,1,42,12,13,14,0,11,12,13,1,0,1,42,14,15,16,0,13,14,15,1,1,1,42,16,17,18,0,15,16,17,1,1,1,42,18,19,20,0,17,18,19,1,0,1,42,20,21,22,0,19,20,21,1,1,0,42,22,23,24,0,21,22,23,0,1,1,42,24,25,26,0,23,24,25,1,1,0,42,26,27,28,0,25,26,27,0,1,1,42,28,29,30,0,27,28,29,1,0,0,42,30,31,0,0,29,30,31,0,0,0,42,0,2,4,0,31,1,3,0,1,1,42,4,6,8,0,3,5,7,1,1,1,42,8,10,12,0,7,9,11,1,0,1,42,12,14,16,0,11,13,15,1,1,1,42,16,18,20,0,15,17,19,1,1,1,42,20,22,24,0,19,21,23,1,0,1,42,24,26,28,0,23,25,27,1,0,1,42,28,30,0,0,27,29,31,1,0,0,42,0,4,8,0,31,3,7,0,1,1,42,8,12,16,0,7,11,15,1,1,1,42,16,20,24,0,15,19,23,1,1,1,42,24,28,0,0,23,27,31,1,1,0,42,0,8,16,0,31,7,15,0,1,1,42,16,24,0,0,15,23,31,1,1,0],
    "normals": [0,1,0,0,0.999969,0],
    "name": "CircleGeometry",
    "uvs": [[0.736565,0.937173,0.646174,0.974361,0.550215,0.99332,0.452377,0.99332,0.356418,0.974363,0.266026,0.937175,0.184676,0.883188,0.115494,0.814474,0.061137,0.733676,0.023695,0.643897,0.004608,0.548588,0.004608,0.451412,0.023695,0.356104,0.061136,0.266327,0.115492,0.185528,0.184675,0.116814,0.266026,0.062825,0.356419,0.025637,0.452377,0.00668,0.550215,0.00668,0.646174,0.025638,0.736566,0.062827,0.817915,0.116815,0.887097,0.185528,0.941453,0.266327,0.978893,0.356104,0.99798,0.451411,0.99798,0.548586,0.978893,0.643894,0.941452,0.733673,0.887096,0.814472,0.817914,0.883185]],
    "metadata": {
        "faces": 30,
        "normals": 2,
        "generator": "io_three",
        "type": "Geometry",
        "version": 3,
        "uvs": 1,
        "vertices": 32,
        "colors": 0,
        "materials": 1
    },
    "colors": [],
    "materials": [{
        "depthTest": true,
        "blending": "NormalBlending",
        "mapDiffuse": "forest-floor.png",
        "mapDiffuseAnisotropy": 1,
        "mapDiffuseRepeat": [1,1],
        "vertexColors": false,
        "opacity": 1,
        "DbgName": "Material",
        "colorDiffuse": [0.64,0.64,0.64],
        "DbgIndex": 0,
        "colorSpecular": [0.5,0.5,0.5],
        "mapDiffuseWrap": ["RepeatWrapping","RepeatWrapping"],
        "colorEmissive": [0,0,0],
        "visible": true,
        "depthWrite": true,
        "colorAmbient": [0.64,0.64,0.64],
        "specularCoef": 50,
        "shading": "phong",
        "DbgColor": 15658734,
        "wireframe": false,
        "transparent": false
    }],
    "vertices": [17.4483,-24.3967,-137.954,-9.87015,-24.3967,-135.264,-36.1388,-24.3967,-127.295,-60.3481,-24.3967,-114.355,-81.5678,-24.3967,-96.9406,-98.9823,-24.3967,-75.7209,-111.922,-24.3966,-51.5116,-119.891,-24.3966,-25.243,-122.582,-24.3966,2.07553,-119.891,-24.3966,29.394,-111.922,-24.3966,55.6627,-98.9823,-24.3966,79.872,-81.5678,-24.3966,101.092,-60.3481,-24.3966,118.506,-36.1388,-24.3966,131.446,-9.87012,-24.3966,139.415,17.4484,-24.3966,142.105,44.7669,-24.3966,139.415,71.0355,-24.3966,131.446,95.2449,-24.3966,118.506,116.465,-24.3966,101.092,133.879,-24.3966,79.8719,146.819,-24.3966,55.6626,154.788,-24.3966,29.3939,157.478,-24.3966,2.0754,154.788,-24.3966,-25.2431,146.819,-24.3966,-51.5117,133.879,-24.3967,-75.7211,116.464,-24.3967,-96.9407,95.2447,-24.3967,-114.355,71.0353,-24.3967,-127.295,44.7666,-24.3967,-135.264]
}